day,id,reason
15,7,dehydration
15,8,dehydration
15,12,dehydration
15,19,dehydration
15,32,dehydration
15,59,dehydration
15,60,dehydration
15,65,dehydration
15,72,dehydration
15,97,dehydration
15,99,dehydration
15,110,dehydration
15,113,dehydration
15,119,dehydration
15,122,dehydration
15,126,dehydration
15,127,dehydration
15,129,dehydration
15,131,dehydration
15,132,dehydration
15,139,dehydration
15,153,dehydration
15,155,dehydration
15,167,dehydration
15,175,dehydration
15,176,dehydration
15,177,dehydration
15,183,dehydration
15,202,dehydration
15,210,dehydration
15,230,dehydration
15,231,dehydration
15,235,dehydration
15,237,dehydration
15,238,dehydration
15,239,dehydration
15,240,dehydration
15,250,dehydration
16,1,dehydration
16,2,dehydration
16,11,dehydration
16,17,dehydration
16,18,dehydration
16,22,dehydration
16,27,dehydration
16,30,dehydration
16,34,dehydration
16,36,dehydration
16,38,dehydration
16,51,dehydration
16,52,dehydration
16,55,dehydration
16,56,dehydration
16,62,dehydration
16,63,dehydration
16,71,dehydration
16,76,dehydration
16,77,dehydration
16,80,dehydration
16,81,dehydration
16,82,dehydration
16,84,dehydration
16,85,dehydration
16,102,dehydration
16,103,dehydration
16,107,dehydration
16,108,dehydration
16,111,dehydration
16,112,dehydration
16,128,dehydration
16,138,dehydration
16,141,dehydration
16,142,dehydration
16,143,dehydration
16,146,dehydration
16,162,dehydration
16,165,dehydration
16,168,dehydration
16,174,dehydration
16,178,dehydration
16,179,dehydration
16,180,dehydration
16,186,dehydration
16,193,dehydration
16,203,dehydration
16,206,dehydration
16,211,dehydration
16,213,dehydration
16,215,dehydration
16,222,dehydration
16,232,dehydration
17,5,dehydration
17,10,dehydration
17,26,dehydration
17,35,dehydration
17,39,dehydration
17,41,dehydration
17,53,dehydration
17,69,dehydration
17,79,dehydration
17,104,dehydration
17,115,dehydration
17,134,dehydration
17,137,dehydration
17,152,dehydration
17,159,dehydration
17,184,dehydration
17,190,dehydration
17,191,dehydration
17,201,dehydration
17,204,dehydration
17,207,dehydration
17,218,dehydration
17,226,dehydration
17,227,dehydration
17,228,dehydration
17,229,dehydration
17,242,dehydration
18,6,dehydration
18,28,dehydration
18,90,dehydration
18,106,dehydration
18,130,dehydration
18,157,dehydration
18,158,dehydration
229,114,dehydration
245,160,dehydration
251,189,starvation
259,156,starvation
264,92,dehydration
266,161,dehydration
267,220,dehydration
267,257,dehydration
269,96,dehydration
270,281,dehydration
273,263,dehydration
274,271,dehydration
275,73,dehydration
277,101,dehydration
277,166,dehydration
278,147,dehydration
278,252,dehydration
279,264,dehydration
280,194,dehydration
280,214,dehydration
282,125,dehydration
282,255,dehydration
283,68,dehydration
283,265,dehydration
285,164,dehydration
292,163,dehydration
292,246,dehydration
293,133,dehydration
297,121,dehydration
300,269,dehydration
304,74,dehydration
306,135,dehydration
307,282,dehydration
312,173,dehydration
312,209,dehydration
312,219,dehydration
312,248,dehydration
312,262,dehydration
313,118,dehydration
314,29,dehydration
314,254,dehydration
315,169,dehydration
316,217,dehydration
317,154,dehydration
318,185,dehydration
318,278,dehydration
319,266,dehydration
320,192,dehydration
320,283,dehydration
322,88,dehydration
322,274,dehydration
323,87,dehydration
323,258,dehydration
323,270,dehydration
324,268,dehydration
325,212,dehydration
325,286,dehydration
326,136,dehydration
327,91,dehydration
327,195,dehydration
327,223,dehydration
327,260,dehydration
328,61,dehydration
328,67,dehydration
328,256,dehydration
331,100,dehydration
332,31,dehydration
332,33,dehydration
333,83,dehydration
333,105,dehydration
334,58,dehydration
334,280,dehydration
334,284,dehydration
335,40,dehydration
335,197,dehydration
336,24,dehydration
336,109,dehydration
336,267,dehydration
337,49,dehydration
338,66,dehydration
338,276,dehydration
339,37,dehydration
341,216,dehydration
342,48,dehydration
342,75,dehydration
342,251,dehydration
343,188,dehydration
344,54,dehydration
344,182,dehydration
344,236,dehydration
345,253,dehydration
346,170,dehydration
347,64,dehydration
347,172,dehydration
348,149,starvation
349,13,dehydration
349,45,dehydration
349,78,dehydration
349,123,dehydration
352,224,starvation
354,116,dehydration
356,245,dehydration
357,241,starvation
357,272,dehydration
361,15,dehydration
363,234,dehydration
364,47,starvation
364,86,dehydration
365,95,dehydration
369,50,dehydration
369,70,dehydration
369,94,dehydration
369,243,dehydration
370,145,dehydration
370,261,dehydration
371,148,dehydration
372,93,dehydration
373,89,dehydration
374,277,starvation
375,4,dehydration
375,9,dehydration
375,187,dehydration
375,199,dehydration
375,259,dehydration
377,285,dehydration
380,200,starvation
383,279,dehydration
385,225,dehydration
387,46,dehydration
387,208,dehydration
387,249,dehydration
408,25,dehydration
410,233,starvation
426,275,dehydration
442,244,starvation
454,44,dehydration
466,43,starvation
1228,298,dehydration
1459,378,starvation
1901,349,starvation
2034,373,starvation
2039,383,starvation
2054,322,dehydration
2075,340,dehydration
2114,288,dehydration
2121,351,dehydration
2124,390,starvation
2126,346,dehydration
2128,371,dehydration
2133,342,dehydration
2137,293,dehydration
2138,401,starvation
2140,411,dehydration
2159,350,dehydration
2166,318,dehydration
2167,320,dehydration
2176,361,dehydration
2180,319,dehydration
2180,328,dehydration
2184,375,dehydration
2191,307,dehydration
2195,335,dehydration
2198,315,dehydration
2203,355,dehydration
2229,366,starvation
2318,299,dehydration
2330,363,starvation
2332,400,dehydration
2335,341,dehydration
2345,352,starvation
2346,372,starvation
2347,333,starvation
2348,379,starvation
2371,338,starvation
2386,316,dehydration
2398,406,dehydration
2416,403,dehydration
2532,398,dehydration
2609,273,dehydration
2749,358,starvation
2756,304,starvation
2779,405,starvation
2794,394,starvation
2821,337,starvation
2833,339,dehydration
2921,387,starvation
2922,388,starvation
2924,392,starvation
2970,357,starvation
3409,344,dehydration
3421,347,dehydration
3433,376,dehydration
3436,292,dehydration
3436,395,dehydration
3441,124,dehydration
3446,332,starvation
3446,380,dehydration
3452,313,starvation
3452,326,dehydration
3454,334,dehydration
3461,310,dehydration
3462,21,dehydration
3467,144,dehydration
3469,324,dehydration
3472,151,dehydration
3473,312,dehydration
3475,301,dehydration
3477,181,dehydration
3477,287,dehydration
3479,306,dehydration
3483,408,dehydration
3484,343,starvation
3486,150,dehydration
3487,314,dehydration
3487,329,dehydration
3487,348,dehydration
3490,353,dehydration
3491,297,dehydration
3495,389,dehydration
3497,356,starvation
3498,393,dehydration
3499,317,dehydration
3499,382,dehydration
3500,16,dehydration
3500,377,dehydration
3502,196,dehydration
3503,384,dehydration
3506,291,dehydration
3507,364,dehydration
3507,410,dehydration
3510,205,dehydration
3511,321,dehydration
3512,117,dehydration
3514,404,dehydration
3519,330,dehydration
3520,289,dehydration
3523,296,dehydration
3523,311,dehydration
3523,359,dehydration
3524,295,dehydration
3525,140,dehydration
3528,369,dehydration
3531,368,starvation
3532,247,dehydration
3532,391,dehydration
3539,300,dehydration
3539,309,starvation
3540,14,dehydration
3541,331,dehydration
3544,365,dehydration
3545,396,dehydration
3546,120,dehydration
3547,399,dehydration
3549,305,dehydration
3551,407,dehydration
3554,360,dehydration
3554,381,dehydration
3558,402,starvation
3563,409,dehydration
3570,303,dehydration
3579,198,dehydration
3579,323,dehydration
3581,370,starvation
3587,20,dehydration
3590,290,starvation
3593,327,dehydration
3596,336,starvation
3596,385,dehydration
3598,302,starvation
3598,367,starvation
3598,412,starvation
3601,294,starvation
3602,325,dehydration
3603,42,dehydration
3605,221,dehydration
3608,386,dehydration
3614,98,dehydration
3635,57,dehydration
3642,308,dehydration
3645,345,dehydration
3659,354,dehydration
3663,362,starvation
3664,171,dehydration
3739,374,dehydration
3759,23,starvation
3765,3,starvation
3765,397,starvation
4280,530,dehydration
4326,642,dehydration
4346,595,dehydration
4349,772,dehydration
4353,786,dehydration
4353,865,dehydration
4353,1128,dehydration
4354,717,dehydration
4354,1438,dehydration
4354,1520,dehydration
4355,1466,dehydration
4355,1591,dehydration
4356,482,dehydration
4356,937,dehydration
4356,1073,dehydration
4357,713,dehydration
4357,921,dehydration
4357,973,dehydration
4357,1040,dehydration
4357,1312,dehydration
4357,1539,dehydration
4357,1625,dehydration
4357,1655,dehydration
4358,748,dehydration
4358,757,dehydration
4358,779,dehydration
4358,811,dehydration
4358,930,dehydration
4358,999,dehydration
4358,1062,dehydration
4358,1067,dehydration
4358,1118,dehydration
4358,1329,dehydration
4358,1565,dehydration
4358,1570,dehydration
4358,1571,dehydration
4358,1618,dehydration
4359,533,dehydration
4359,677,dehydration
4359,689,dehydration
4359,880,dehydration
4359,895,dehydration
4359,956,dehydration
4359,968,dehydration
4359,1051,dehydration
4359,1127,dehydration
4359,1184,dehydration
4359,1202,dehydration
4359,1248,dehydration
4359,1360,dehydration
4359,1400,dehydration
4359,1410,dehydration
4359,1431,dehydration
4359,1461,dehydration
4359,1525,dehydration
4360,528,dehydration
4360,535,dehydration
4360,657,dehydration
4360,678,dehydration
4360,799,dehydration
4360,863,dehydration
4360,871,dehydration
4360,931,dehydration
4360,997,dehydration
4360,1031,dehydration
4360,1183,dehydration
4360,1214,dehydration
4360,1254,dehydration
4360,1257,dehydration
4360,1284,dehydration
4360,1478,dehydration
4361,545,dehydration
4361,680,dehydration
4361,682,dehydration
4361,752,dehydration
4361,767,dehydration
4361,792,dehydration
4361,870,dehydration
4361,877,dehydration
4361,881,dehydration
4361,924,dehydration
4361,953,dehydration
4361,1064,dehydration
4361,1143,dehydration
4361,1186,dehydration
4361,1225,dehydration
4361,1288,dehydration
4361,1313,dehydration
4361,1338,dehydration
4361,1341,dehydration
4361,1372,dehydration
4361,1451,dehydration
4361,1516,dehydration
4361,1552,dehydration
4362,477,dehydration
4362,493,dehydration
4362,522,dehydration
4362,585,dehydration
4362,668,dehydration
4362,697,dehydration
4362,714,dehydration
4362,754,dehydration
4362,959,dehydration
4362,1103,dehydration
4362,1144,dehydration
4362,1262,dehydration
4362,1282,dehydration
4362,1331,dehydration
4362,1333,dehydration
4362,1386,dehydration
4362,1412,dehydration
4362,1546,dehydration
4362,1555,dehydration
4362,1606,dehydration
4362,1616,dehydration
4362,1631,dehydration
4362,1637,dehydration
4362,1659,dehydration
4362,1660,dehydration
4363,454,dehydration
4363,470,dehydration
4363,519,dehydration
4363,634,dehydration
4363,667,dehydration
4363,733,dehydration
4363,906,dehydration
4363,1078,dehydration
4363,1164,dehydration
4363,1241,dehydration
4363,1512,dehydration
4363,1553,dehydration
4364,475,dehydration
4364,521,dehydration
4364,553,dehydration
4364,721,dehydration
4364,867,dehydration
4364,878,dehydration
4364,1193,dehydration
4364,1304,dehydration
4364,1380,dehydration
4364,1524,dehydration
4364,1530,dehydration
4364,1592,dehydration
4365,441,dehydration
4365,471,dehydration
4365,547,dehydration
4365,559,dehydration
4365,606,dehydration
4365,687,dehydration
4365,821,dehydration
4365,826,dehydration
4365,943,dehydration
4365,1028,dehydration
4365,1185,dehydration
4365,1321,dehydration
4365,1345,dehydration
4365,1397,dehydration
4365,1398,dehydration
4365,1439,dehydration
4365,1513,dehydration
4365,1661,dehydration
4366,450,dehydration
4366,645,dehydration
4366,778,dehydration
4366,875,dehydration
4366,894,dehydration
4366,909,dehydration
4366,1367,dehydration
4366,1564,dehydration
4366,1595,dehydration
4366,1650,dehydration
4367,592,dehydration
4367,1133,dehydration
4367,1244,starvation
4367,1596,dehydration
4368,611,dehydration
4368,663,dehydration
4368,753,dehydration
4368,758,dehydration
4368,819,dehydration
4368,1651,dehydration
4369,755,dehydration
4369,1613,dehydration
4370,534,dehydration
4370,981,dehydration
4371,515,dehydration
4371,516,dehydration
4371,590,dehydration
4372,643,dehydration
4372,901,dehydration
4372,1621,dehydration
4373,675,dehydration
4373,815,dehydration
4373,872,dehydration
4373,961,dehydration
4373,966,dehydration
4373,984,dehydration
4373,1001,dehydration
4373,1002,dehydration
4373,1100,dehydration
4373,1267,dehydration
4373,1452,dehydration
4373,1635,dehydration
4374,902,dehydration
4374,919,dehydration
4374,1011,dehydration
4374,1142,dehydration
4374,1347,starvation
4374,1508,starvation
4375,730,dehydration
4375,1653,dehydration
4376,567,dehydration
4376,608,dehydration
4376,632,starvation
4376,891,dehydration
4376,1155,dehydration
4376,1249,dehydration
4376,1420,dehydration
4377,558,dehydration
4377,647,starvation
4377,740,dehydration
4377,992,starvation
4377,1019,starvation
4377,1139,dehydration
4377,1160,starvation
4377,1416,dehydration
4378,603,dehydration
4378,769,dehydration
4378,1092,dehydration
4378,1096,dehydration
4378,1233,dehydration
4378,1325,dehydration
4378,1411,dehydration
4378,1548,dehydration
4379,484,starvation
4379,525,starvation
4379,580,starvation
4379,738,dehydration
4379,833,starvation
4379,913,dehydration
4379,1018,dehydration
4379,1153,starvation
4379,1189,dehydration
4379,1208,dehydration
4379,1440,dehydration
4379,1458,dehydration
4379,1465,dehydration
4380,636,starvation
4380,693,starvation
4380,808,dehydration
4380,970,starvation
4380,1023,starvation
4380,1024,starvation
4380,1161,starvation
4380,1181,dehydration
4380,1471,dehydration
4381,622,starvation
4381,648,starvation
4381,723,starvation
4381,782,dehydration
4381,830,starvation
4381,835,starvation
4381,883,starvation
4381,925,starvation
4381,979,starvation
4381,1044,dehydration
4381,1084,starvation
4381,1113,starvation
4381,1126,starvation
4381,1182,dehydration
4381,1315,starvation
4381,1317,starvation
4381,1493,starvation
4382,666,starvation
4382,709,starvation
4382,781,starvation
4382,790,starvation
4382,818,starvation
4382,839,starvation
4382,908,starvation
4382,910,dehydration
4382,977,starvation
4382,1022,starvation
4382,1072,starvation
4382,1091,starvation
4382,1104,starvation
4382,1223,dehydration
4382,1379,dehydration
4382,1529,dehydration
4382,1622,starvation
4383,439,starvation
4383,494,starvation
4383,511,starvation
4383,623,starvation
4383,720,starvation
4383,726,starvation
4383,793,starvation
4383,806,starvation
4383,825,starvation
4383,951,starvation
4383,1063,starvation
4383,1108,starvation
4383,1173,starvation
4383,1178,starvation
4383,1243,starvation
4383,1337,starvation
4383,1413,starvation
4383,1509,dehydration
4383,1523,starvation
4383,1582,dehydration
4383,1590,dehydration
4383,1597,starvation
4383,1605,starvation
4384,531,starvation
4384,561,dehydration
4384,573,starvation
4384,618,starvation
4384,627,starvation
4384,683,starvation
4384,712,starvation
4384,728,starvation
4384,771,starvation
4384,800,starvation
4384,803,starvation
4384,847,starvation
4384,856,starvation
4384,858,starvation
4384,861,dehydration
4384,932,starvation
4384,1006,starvation
4384,1093,starvation
4384,1199,starvation
4384,1200,starvation
4384,1217,starvation
4384,1291,starvation
4384,1305,starvation
4384,1335,dehydration
4384,1494,dehydration
4384,1562,dehydration
4384,1652,starvation
4385,544,starvation
4385,679,starvation
4385,922,dehydration
4385,942,starvation
4385,1105,starvation
4385,1117,starvation
4385,1140,starvation
4385,1192,dehydration
4385,1218,starvation
4385,1224,starvation
4385,1234,dehydration
4385,1251,starvation
4385,1292,starvation
4385,1319,starvation
4385,1366,starvation
4385,1468,starvation
4385,1535,starvation
4385,1656,starvation
4386,443,dehydration
4386,542,starvation
4386,560,starvation
4386,587,starvation
4386,651,starvation
4386,672,dehydration
4386,700,starvation
4386,735,starvation
4386,787,starvation
4386,841,starvation
4386,851,starvation
4386,852,starvation
4386,860,starvation
4386,1232,starvation
4386,1310,starvation
4386,1388,starvation
4386,1499,starvation
4387,453,dehydration
4387,508,starvation
4387,539,starvation
4387,556,dehydration
4387,557,starvation
4387,584,starvation
4387,635,starvation
4387,644,starvation
4387,692,starvation
4387,708,starvation
4387,741,starvation
4387,796,starvation
4387,798,dehydration
4387,897,starvation
4387,916,starvation
4387,1020,starvation
4387,1029,starvation
4387,1081,starvation
4387,1101,starvation
4387,1106,starvation
4387,1157,starvation
4387,1163,starvation
4387,1176,starvation
4387,1220,starvation
4387,1236,starvation
4387,1237,starvation
4387,1268,starvation
4387,1271,starvation
4387,1275,starvation
4387,1306,starvation
4387,1352,starvation
4387,1359,starvation
4387,1369,starvation
4387,1377,starvation
4387,1407,starvation
4387,1479,starvation
4387,1481,starvation
4387,1491,starvation
4387,1505,starvation
4387,1588,starvation
4387,1617,starvation
4387,1619,dehydration
4387,1620,dehydration
4387,1636,dehydration
4387,1662,starvation
4387,1669,dehydration
4387,1683,dehydration
4388,458,starvation
4388,459,starvation
4388,465,starvation
4388,513,dehydration
4388,523,starvation
4388,674,starvation
4388,731,starvation
4388,739,starvation
4388,768,starvation
4388,784,starvation
4388,802,starvation
4388,827,starvation
4388,832,starvation
4388,884,starvation
4388,914,dehydration
4388,917,dehydration
4388,972,starvation
4388,1012,starvation
4388,1112,starvation
4388,1125,starvation
4388,1132,starvation
4388,1165,dehydration
4388,1201,dehydration
4388,1216,starvation
4388,1247,starvation
4388,1260,dehydration
4388,1273,starvation
4388,1376,starvation
4388,1403,starvation
4388,1417,starvation
4388,1456,starvation
4388,1534,starvation
4388,1628,starvation
4388,1723,dehydration
4389,436,dehydration
4389,499,dehydration
4389,504,starvation
4389,512,starvation
4389,527,starvation
4389,546,starvation
4389,582,starvation
4389,588,dehydration
4389,664,starvation
4389,729,dehydration
4389,747,starvation
4389,756,starvation
4389,805,starvation
4389,810,starvation
4389,834,starvation
4389,945,starvation
4389,998,starvation
4389,1005,starvation
4389,1032,starvation
4389,1068,starvation
4389,1099,starvation
4389,1114,starvation
4389,1187,starvation
4389,1250,starvation
4389,1255,starvation
4389,1301,starvation
4389,1318,dehydration
4389,1322,dehydration
4389,1324,starvation
4389,1326,starvation
4389,1328,starvation
4389,1339,starvation
4389,1354,starvation
4389,1364,starvation
4389,1378,starvation
4389,1382,starvation
4389,1442,starvation
4389,1476,starvation
4389,1492,starvation
4389,1536,starvation
4389,1541,starvation
4389,1580,starvation
4390,514,starvation
4390,581,starvation
4390,609,dehydration
4390,619,starvation
4390,633,starvation
4390,671,starvation
4390,673,starvation
4390,699,starvation
4390,705,starvation
4390,716,starvation
4390,765,starvation
4390,794,starvation
4390,844,starvation
4390,898,starvation
4390,935,starvation
4390,996,starvation
4390,1034,starvation
4390,1154,starvation
4390,1168,dehydration
4390,1174,starvation
4390,1209,dehydration
4390,1259,dehydration
4390,1278,starvation
4390,1396,starvation
4390,1425,starvation
4390,1460,starvation
4390,1463,starvation
4390,1489,starvation
4390,1500,starvation
4390,1601,dehydration
4390,1615,starvation
4390,1632,starvation
4390,1634,starvation
4390,1642,starvation
4390,1748,dehydration
4390,1798,dehydration
4390,1803,dehydration
4390,1808,dehydration
4391,444,starvation
4391,446,starvation
4391,462,starvation
4391,497,starvation
4391,518,starvation
4391,526,starvation
4391,574,starvation
4391,586,starvation
4391,669,starvation
4391,684,starvation
4391,695,starvation
4391,702,starvation
4391,718,starvation
4391,777,starvation
4391,848,starvation
4391,873,starvation
4391,952,starvation
4391,1038,starvation
4391,1050,starvation
4391,1116,starvation
4391,1135,starvation
4391,1229,starvation
4391,1240,starvation
4391,1264,dehydration
4391,1346,dehydration
4391,1467,starvation
4391,1496,starvation
4391,1501,starvation
4391,1507,starvation
4391,1557,starvation
4391,1755,dehydration
4391,1814,dehydration
4391,1818,dehydration
4391,1822,dehydration
4391,1823,dehydration
4392,466,starvation
4392,483,starvation
4392,566,starvation
4392,568,starvation
4392,616,starvation
4392,641,starvation
4392,655,starvation
4392,681,starvation
4392,715,starvation
4392,725,starvation
4392,766,dehydration
4392,795,starvation
4392,857,starvation
4392,946,dehydration
4392,1039,starvation
4392,1198,starvation
4392,1383,starvation
4392,1395,starvation
4392,1475,starvation
4392,1498,starvation
4392,1522,starvation
4392,1573,dehydration
4392,1629,starvation
4392,1630,starvation
4392,1644,starvation
4392,1819,dehydration
4392,1824,dehydration
4392,1830,dehydration
4392,1863,dehydration
4392,1866,dehydration
4392,1878,dehydration
4392,1898,dehydration
4393,440,starvation
4393,615,starvation
4393,639,starvation
4393,698,starvation
4393,701,dehydration
4393,704,starvation
4393,750,dehydration
4393,900,starvation
4393,955,starvation
4393,995,starvation
4393,1016,starvation
4393,1087,starvation
4393,1195,starvation
4393,1222,starvation
4393,1230,starvation
4393,1270,starvation
4393,1272,starvation
4393,1357,starvation
4393,1455,starvation
4393,1559,starvation
4393,1657,starvation
4393,1694,dehydration
4393,1713,dehydration
4393,1834,dehydration
4393,1849,dehydration
4393,1873,dehydration
4393,1875,dehydration
4393,1884,dehydration
4393,1888,dehydration
4393,1889,dehydration
4393,1893,dehydration
4393,1899,dehydration
4393,1909,dehydration
4393,1914,dehydration
4393,1916,dehydration
4393,1934,dehydration
4393,1938,dehydration
4393,1945,dehydration
4393,1951,dehydration
4393,1956,dehydration
4393,1957,dehydration
4394,460,starvation
4394,631,dehydration
4394,773,starvation
4394,797,starvation
4394,809,dehydration
4394,853,starvation
4394,915,starvation
4394,926,starvation
4394,1061,starvation
4394,1141,starvation
4394,1171,starvation
4394,1238,starvation
4394,1340,starvation
4394,1409,starvation
4394,1487,starvation
4394,1554,starvation
4394,1558,starvation
4394,1610,dehydration
4394,1716,dehydration
4394,1892,dehydration
4394,1895,dehydration
4394,1912,dehydration
4394,1915,dehydration
4394,1920,dehydration
4394,1924,dehydration
4394,1926,dehydration
4394,1941,dehydration
4394,1947,dehydration
4394,1954,dehydration
4394,1958,dehydration
4394,1960,dehydration
4394,1964,dehydration
4394,1971,dehydration
4394,1981,dehydration
4394,1983,dehydration
4394,1984,dehydration
4394,1986,dehydration
4395,570,dehydration
4395,577,starvation
4395,621,starvation
4395,646,starvation
4395,686,starvation
4395,812,starvation
4395,850,starvation
4395,933,dehydration
4395,940,dehydration
4395,947,starvation
4395,1013,starvation
4395,1079,starvation
4395,1152,starvation
4395,1344,starvation
4395,1373,starvation
4395,1584,dehydration
4395,1585,starvation
4395,1602,starvation
4395,1614,dehydration
4395,1917,dehydration
4395,1939,dehydration
4395,1942,dehydration
4395,1949,dehydration
4395,1955,dehydration
4395,1959,dehydration
4395,1961,dehydration
4395,1969,dehydration
4395,1974,dehydration
4395,1978,dehydration
4395,1979,dehydration
4395,1993,dehydration
4395,2027,dehydration
4395,2028,dehydration
4396,452,starvation
4396,628,starvation
4396,1041,starvation
4396,1060,starvation
4396,1074,dehydration
4396,1097,starvation
4396,1191,starvation
4396,1279,starvation
4396,1390,dehydration
4396,1433,starvation
4396,1488,dehydration
4396,1561,starvation
4396,1611,starvation
4396,1968,dehydration
4396,1975,dehydration
4396,1977,dehydration
4396,1990,dehydration
4396,2004,dehydration
4396,2024,dehydration
4396,2058,dehydration
4397,481,starvation
4397,488,starvation
4397,605,starvation
4397,706,starvation
4397,762,starvation
4397,855,dehydration
4397,912,starvation
4397,986,starvation
4397,988,starvation
4397,1007,starvation
4397,1066,starvation
4397,1094,starvation
4397,1148,starvation
4397,1353,starvation
4397,1424,starvation
4397,1538,starvation
4397,1540,starvation
4397,1556,starvation
4397,1575,starvation
4397,1599,starvation
4397,1612,starvation
4397,1626,dehydration
4397,2063,dehydration
4397,2095,dehydration
4398,437,starvation
4398,565,dehydration
4398,596,starvation
4398,607,starvation
4398,610,dehydration
4398,1227,dehydration
4398,1531,dehydration
4398,1658,starvation
4398,1735,dehydration
4398,1794,dehydration
4398,1815,dehydration
4398,1881,dehydration
4398,2048,dehydration
4398,2053,dehydration
4398,2078,dehydration
4398,2112,dehydration
4399,474,starvation
4399,498,dehydration
4399,652,starvation
4399,774,starvation
4399,817,dehydration
4399,990,starvation
4399,1026,starvation
4399,1082,starvation
4399,1121,starvation
4399,1190,starvation
4399,1194,starvation
4399,1286,starvation
4399,1293,dehydration
4399,1302,starvation
4399,1343,starvation
4399,1356,starvation
4399,1392,starvation
4399,1415,starvation
4399,1624,starvation
4399,1852,dehydration
4399,1953,dehydration
4399,2086,dehydration
4399,2106,dehydration
4399,2107,dehydration
4399,2175,dehydration
4399,2182,dehydration
4400,414,dehydration
4400,517,starvation
4400,658,starvation
4400,975,starvation
4400,1149,dehydration
4400,1274,starvation
4400,1295,starvation
4400,1641,starvation
4400,1690,dehydration
4400,1809,dehydration
4400,1817,dehydration
4400,1865,dehydration
4400,1972,dehydration
4400,1980,dehydration
4400,2047,dehydration
4400,2101,dehydration
4400,2132,dehydration
4400,2137,dehydration
4400,2156,dehydration
4400,2176,dehydration
4400,2180,dehydration
4400,2211,dehydration
4401,417,dehydration
4401,469,starvation
4401,489,starvation
4401,638,dehydration
4401,653,starvation
4401,710,dehydration
4401,736,starvation
4401,763,dehydration
4401,879,starvation
4401,920,starvation
4401,976,starvation
4401,1025,starvation
4401,1124,dehydration
4401,1263,starvation
4401,1414,starvation
4401,1578,starvation
4401,1579,starvation
4401,1593,starvation
4401,1648,starvation
4401,2177,dehydration
4401,2181,dehydration
4401,2192,dehydration
4402,463,dehydration
4402,532,starvation
4402,876,starvation
4402,978,starvation
4402,1147,starvation
4402,1221,starvation
4402,1510,starvation
4402,1645,dehydration
4402,1918,dehydration
4402,2009,dehydration
4402,2207,dehydration
4402,2219,dehydration
4402,2230,dehydration
4403,442,starvation
4403,464,starvation
4403,536,starvation
4403,1075,starvation
4403,1334,starvation
4403,1474,starvation
4403,1527,starvation
4403,1643,starvation
4403,2215,dehydration
4403,2217,dehydration
4403,2313,dehydration
4403,2324,dehydration
4403,2328,dehydration
4403,2333,dehydration
4404,1323,starvation
4404,1363,starvation
4404,1477,dehydration
4404,1568,starvation
4404,1583,starvation
4404,1679,dehydration
4404,1911,dehydration
4404,2303,dehydration
4404,2316,dehydration
4404,2318,dehydration
4404,2325,dehydration
4404,2343,dehydration
4404,2351,dehydration
4404,2360,dehydration
4405,423,dehydration
4405,432,starvation
4405,604,dehydration
4405,1159,dehydration
4405,1213,starvation
4405,1638,dehydration
4405,1649,starvation
4405,1667,dehydration
4405,1796,dehydration
4405,2269,dehydration
4405,2290,dehydration
4405,2309,dehydration
4405,2329,dehydration
4405,2334,dehydration
4405,2335,dehydration
4405,2342,dehydration
4405,2387,dehydration
4406,430,starvation
4406,732,dehydration
4406,1123,starvation
4406,1131,dehydration
4406,1211,dehydration
4406,1332,dehydration
4406,1361,starvation
4406,1495,starvation
4406,1623,starvation
4406,1706,starvation
4406,1707,starvation
4406,1712,starvation
4406,1761,dehydration
4406,1907,dehydration
4406,1962,dehydration
4406,2224,dehydration
4406,2288,dehydration
4406,2344,dehydration
4406,2345,dehydration
4406,2346,dehydration
4406,2353,dehydration
4406,2356,dehydration
4406,2377,dehydration
4406,2378,dehydration
4407,426,starvation
4407,427,starvation
4407,434,starvation
4407,455,starvation
4407,537,starvation
4407,734,starvation
4407,905,starvation
4407,1387,dehydration
4407,1665,starvation
4407,1680,starvation
4407,1682,starvation
4407,1709,starvation
4407,1718,starvation
4407,1722,starvation
4407,1752,starvation
4407,1754,starvation
4407,2348,dehydration
4407,2359,dehydration
4407,2371,dehydration
4407,2385,dehydration
4408,429,starvation
4408,562,dehydration
4408,785,dehydration
4408,846,starvation
4408,1219,starvation
4408,1453,starvation
4408,1560,starvation
4408,1587,starvation
4408,1639,starvation
4408,1664,starvation
4408,1670,starvation
4408,1671,starvation
4408,1681,starvation
4408,1692,starvation
4408,1696,starvation
4408,1737,starvation
4408,1739,starvation
4408,1758,starvation
4408,1763,starvation
4408,1781,starvation
4408,2380,dehydration
4409,963,dehydration
4409,1086,starvation
4409,1129,starvation
4409,1226,starvation
4409,1428,starvation
4409,1511,starvation
4409,1711,starvation
4409,1725,dehydration
4409,1750,starvation
4409,1768,starvation
4409,1802,starvation
4409,1807,starvation
4409,1812,starvation
4409,1829,starvation
4409,2034,dehydration
4409,2320,dehydration
4409,2332,dehydration
4409,2352,dehydration
4410,433,starvation
4410,456,starvation
4410,554,starvation
4410,597,dehydration
4410,613,starvation
4410,887,starvation
4410,1158,dehydration
4410,1277,dehydration
4410,1443,starvation
4410,1674,starvation
4410,1675,starvation
4410,1677,starvation
4410,1685,starvation
4410,1701,starvation
4410,1705,starvation
4410,1715,starvation
4410,1733,starvation
4410,1753,starvation
4410,1779,starvation
4410,1784,starvation
4410,1810,starvation
4410,1827,starvation
4410,1850,starvation
4410,1855,starvation
4410,1861,starvation
4410,1862,starvation
4410,2381,dehydration
4411,599,starvation
4411,948,starvation
4411,1090,starvation
4411,1252,starvation
4411,1384,starvation
4411,1450,starvation
4411,1672,starvation
4411,1699,starvation
4411,1731,starvation
4411,1738,starvation
4411,1747,starvation
4411,1780,starvation
4411,1789,starvation
4411,1791,starvation
4411,1806,starvation
4411,1831,starvation
4411,1833,starvation
4411,1870,starvation
4411,1872,starvation
4411,2151,dehydration
4411,2178,dehydration
4411,2286,dehydration
4412,1169,dehydration
4412,1691,starvation
4412,1704,starvation
4412,1721,starvation
4412,1743,starvation
4412,1756,starvation
4412,1757,starvation
4412,1773,starvation
4412,1801,starvation
4412,1804,dehydration
4412,1835,starvation
4412,1836,starvation
4412,1837,starvation
4412,1859,starvation
4412,1973,starvation
4413,1423,starvation
4413,1426,starvation
4413,1686,starvation
4413,1697,starvation
4413,1702,starvation
4413,1730,starvation
4413,1744,starvation
4413,1759,starvation
4413,1775,starvation
4413,1782,starvation
4413,1786,starvation
4413,1838,starvation
4413,1845,starvation
4413,1846,starvation
4413,1860,starvation
4413,1887,starvation
4413,1906,starvation
4414,974,starvation
4414,1110,starvation
4414,1576,starvation
4414,1673,starvation
4414,1693,starvation
4414,1710,starvation
4414,1727,starvation
4414,1736,starvation
4414,1765,starvation
4414,1778,starvation
4414,1785,starvation
4414,1793,starvation
4414,1813,starvation
4414,1820,starvation
4414,1821,starvation
4414,1839,starvation
4414,1841,starvation
4414,1848,starvation
4414,1858,starvation
4414,1867,starvation
4414,1879,starvation
4414,1882,starvation
4414,1891,starvation
4414,1900,starvation
4414,1902,starvation
4414,1927,starvation
4414,1946,dehydration
4414,2007,starvation
4415,1300,dehydration
4415,1469,starvation
4415,1724,starvation
4415,1740,starvation
4415,1764,starvation
4415,1772,starvation
4415,1788,starvation
4415,1828,starvation
4415,1840,starvation
4415,1851,dehydration
4415,1853,starvation
4415,1857,starvation
4415,1868,starvation
4415,1877,starvation
4415,1940,starvation
4416,1205,starvation
4416,1567,starvation
4416,1728,starvation
4416,1746,starvation
4416,1797,starvation
4416,1800,starvation
4416,1842,starvation
4416,1883,starvation
4416,1925,starvation
4416,1929,starvation
4416,1930,starvation
4416,1933,starvation
4416,1965,starvation
4416,2002,starvation
4416,2011,starvation
4416,2031,dehydration
4416,2040,starvation
4416,2059,starvation
4416,2108,starvation
4417,965,starvation
4417,1027,starvation
4417,1069,dehydration
4417,1177,starvation
4417,1544,dehydration
4417,1668,starvation
4417,1719,starvation
4417,1741,starvation
4417,1762,starvation
4417,1770,starvation
4417,1816,starvation
4417,1896,starvation
4417,1903,starvation
4417,1905,starvation
4417,1913,starvation
4417,1931,starvation
4417,1932,starvation
4417,1998,starvation
4417,2013,starvation
4417,2036,starvation
4417,2080,starvation
4417,2089,starvation
4417,2126,starvation
4417,2338,dehydration
4418,896,starvation
4418,1065,starvation
4418,1506,starvation
4418,1717,starvation
4418,1769,starvation
4418,1799,starvation
4418,1843,starvation
4418,1864,starvation
4418,1885,starvation
4418,1908,starvation
4418,1919,starvation
4418,1922,starvation
4418,1948,starvation
4418,1966,starvation
4418,1982,starvation
4418,1991,starvation
4418,1994,starvation
4418,2005,starvation
4418,2052,starvation
4418,2071,starvation
4418,2076,starvation
4418,2084,starvation
4418,2105,starvation
4419,1609,starvation
4419,1633,starvation
4419,1732,starvation
4419,1777,starvation
4419,1792,dehydration
4419,1811,starvation
4419,1871,starvation
4419,1886,starvation
4419,1890,starvation
4419,1936,starvation
4419,1950,starvation
4419,1988,starvation
4419,1996,starvation
4419,2003,starvation
4419,2018,starvation
4419,2022,starvation
4419,2045,starvation
4419,2049,starvation
4419,2065,starvation
4419,2068,starvation
4419,2069,starvation
4419,2074,starvation
4419,2081,starvation
4419,2102,starvation
4419,2125,dehydration
4419,2136,starvation
4419,2242,starvation
4419,2250,starvation
4420,451,dehydration
4420,476,starvation
4420,989,starvation
4420,1551,starvation
4420,1678,starvation
4420,1921,starvation
4420,1928,starvation
4420,1952,starvation
4420,1989,starvation
4420,2000,starvation
4420,2006,dehydration
4420,2023,starvation
4420,2033,starvation
4420,2042,starvation
4420,2043,starvation
4420,2064,starvation
4420,2087,starvation
4420,2091,starvation
4420,2100,starvation
4420,2115,starvation
4420,2118,starvation
4420,2122,starvation
4420,2123,starvation
4420,2127,dehydration
4420,2162,starvation
4420,2231,starvation
4420,2253,starvation
4421,418,dehydration
4421,529,starvation
4421,1371,dehydration
4421,1923,starvation
4421,1943,starvation
4421,2010,starvation
4421,2017,starvation
4421,2029,starvation
4421,2030,starvation
4421,2039,starvation
4421,2061,starvation
4421,2077,starvation
4421,2119,starvation
4421,2124,starvation
4421,2141,starvation
4421,2153,starvation
4421,2154,starvation
4421,2157,starvation
4421,2158,starvation
4421,2159,starvation
4421,2220,starvation
4421,2229,starvation
4421,2246,starvation
4421,2277,starvation
4421,2285,starvation
4421,2337,starvation
4421,2384,dehydration
4422,1547,dehydration
4422,1856,starvation
4422,1935,starvation
4422,1937,starvation
4422,1970,dehydration
4422,2019,starvation
4422,2021,starvation
4422,2038,starvation
4422,2041,starvation
4422,2056,starvation
4422,2062,starvation
4422,2066,starvation
4422,2073,starvation
4422,2082,starvation
4422,2083,starvation
4422,2085,starvation
4422,2148,starvation
4422,2149,starvation
4422,2160,starvation
4422,2164,starvation
4422,2199,starvation
4422,2209,starvation
4422,2228,starvation
4422,2234,starvation
4422,2243,starvation
4422,2252,starvation
4422,2254,starvation
4422,2259,dehydration
4422,2268,starvation
4422,2280,starvation
4422,2289,starvation
4422,2330,starvation
4422,2331,starvation
4423,888,starvation
4423,944,starvation
4423,1003,starvation
4423,1537,starvation
4423,1826,starvation
4423,2015,starvation
4423,2020,starvation
4423,2025,starvation
4423,2044,starvation
4423,2057,starvation
4423,2070,starvation
4423,2088,starvation
4423,2090,starvation
4423,2104,starvation
4423,2111,starvation
4423,2130,starvation
4423,2172,starvation
4423,2194,starvation
4423,2208,starvation
4423,2213,starvation
4423,2225,starvation
4423,2236,starvation
4423,2238,starvation
4423,2251,starvation
4423,2261,starvation
4423,2276,starvation
4423,2294,starvation
4423,2311,starvation
4423,2312,starvation
4423,2357,starvation
4424,1700,dehydration
4424,2075,starvation
4424,2131,starvation
4424,2144,starvation
4424,2163,starvation
4424,2204,starvation
4424,2210,starvation
4424,2216,starvation
4424,2249,starvation
4424,2274,starvation
4424,2301,dehydration
4424,2326,starvation
4424,2327,starvation
4424,2336,starvation
4425,993,starvation
4425,1043,starvation
4425,1342,starvation
4425,1729,starvation
4425,1745,dehydration
4425,1749,starvation
4425,1787,starvation
4425,1976,starvation
4425,2008,starvation
4425,2037,starvation
4425,2060,starvation
4425,2094,starvation
4425,2110,starvation
4425,2135,starvation
4425,2138,starvation
4425,2142,starvation
4425,2173,starvation
4425,2183,starvation
4425,2188,starvation
4425,2191,starvation
4425,2203,starvation
4425,2260,starvation
4425,2263,starvation
4425,2281,starvation
4425,2291,starvation
4425,2300,starvation
4425,2307,starvation
4425,2354,starvation
4426,1035,starvation
4426,1055,starvation
4426,1056,starvation
4426,1156,starvation
4426,1832,starvation
4426,1854,starvation
4426,1869,starvation
4426,1910,starvation
4426,1985,starvation
4426,2098,starvation
4426,2103,starvation
4426,2169,starvation
4426,2174,starvation
4426,2196,starvation
4426,2237,starvation
4426,2239,starvation
4426,2271,starvation
4426,2284,starvation
4426,2292,starvation
4426,2305,starvation
4426,2341,starvation
4426,2358,starvation
4426,2361,starvation
4426,2366,starvation
4427,649,starvation
4427,987,starvation
4427,1089,starvation
4427,1963,starvation
4427,2016,starvation
4427,2193,starvation
4427,2200,starvation
4427,2241,starvation
4427,2266,starvation
4427,2267,starvation
4427,2308,starvation
4428,654,starvation
4428,1009,starvation
4428,1703,starvation
4428,1742,starvation
4428,2079,starvation
4428,2121,starvation
4428,2147,starvation
4428,2186,starvation
4428,2232,starvation
4428,2262,starvation
4428,2302,starvation
4428,2364,starvation
4428,2386,starvation
4429,1037,starvation
4429,1502,starvation
4429,1771,starvation
4429,2026,starvation
4429,2165,starvation
4429,2168,starvation
4429,2245,starvation
4429,2257,starvation
4429,2264,starvation
4429,2306,starvation
4430,1017,starvation
4430,1805,starvation
4430,2133,dehydration
4430,2167,starvation
4430,2317,starvation
4430,2383,starvation
4431,1790,starvation
4431,1992,starvation
4431,2202,starvation
4431,2319,starvation
4432,612,starvation
4432,1654,dehydration
4432,1695,starvation
4432,1776,starvation
4432,1874,starvation
4432,2116,starvation
4432,2339,starvation
4432,2367,starvation
4432,2368,starvation
4432,2370,starvation
4432,2372,starvation
4432,2376,starvation
4433,665,dehydration
4433,1995,starvation
4433,2050,starvation
4433,2278,dehydration
4433,2304,starvation
4433,2350,starvation
4433,2369,starvation
4434,744,dehydration
4434,1542,dehydration
4434,1603,starvation
4434,2139,dehydration
4434,2349,starvation
4435,602,dehydration
4435,1052,starvation
4435,1944,starvation
4435,2099,starvation
4435,2140,starvation
4435,2382,starvation
4436,954,dehydration
4436,2032,dehydration
4436,2247,dehydration
4436,2362,starvation
4437,1330,dehydration
4437,1355,dehydration
4437,1586,starvation
4437,1783,starvation
4437,2201,starvation
4438,630,dehydration
4438,742,dehydration
4438,751,dehydration
4438,1904,dehydration
4438,2315,starvation
4439,824,dehydration
4439,1563,dehydration
4439,2146,dehydration
4440,510,dehydration
4440,1362,dehydration
4441,1421,dehydration
4441,1549,dehydration
4441,2197,dehydration
4442,727,dehydration
4442,804,dehydration
4442,936,dehydration
4442,980,dehydration
4443,1014,dehydration
4443,1057,dehydration
4443,1276,dehydration
4443,1676,dehydration
4444,2258,dehydration
4445,1503,starvation
4446,552,dehydration
4446,950,dehydration
4446,1197,dehydration
4447,660,dehydration
4447,661,dehydration
4447,892,dehydration
4447,2113,dehydration
4447,2171,dehydration
4448,991,dehydration
4448,1188,dehydration
4448,1228,dehydration
4448,1441,dehydration
4449,583,dehydration
4449,625,dehydration
4449,1404,dehydration
4449,1406,dehydration
4450,564,dehydration
4450,594,dehydration
4450,650,dehydration
4450,837,dehydration
4450,918,dehydration
4450,1071,dehydration
4450,1245,dehydration
4451,1497,dehydration
4452,1088,dehydration
4452,1207,dehydration
4452,1408,dehydration
4452,1627,dehydration
4452,1689,dehydration
4452,2265,dehydration
4453,759,dehydration
4453,1519,starvation
4453,2114,dehydration
4454,538,dehydration
4454,600,dehydration
4454,707,dehydration
4454,838,dehydration
4454,1309,starvation
4454,1393,dehydration
4454,1459,dehydration
4455,780,dehydration
4455,1766,dehydration
4455,1825,dehydration
4456,575,dehydration
4456,801,dehydration
4456,1008,dehydration
4456,1170,dehydration
4457,760,dehydration
4457,1049,dehydration
4457,1080,dehydration
4458,509,dehydration
4458,626,dehydration
4458,807,dehydration
4458,983,dehydration
4458,1518,dehydration
4458,1572,dehydration
4458,1684,dehydration
4458,2145,dehydration
4458,2298,dehydration
4459,501,dehydration
4459,1070,dehydration
4459,1298,dehydration
4459,1457,dehydration
4459,1663,dehydration
4459,1726,dehydration
4459,2014,dehydration
4460,737,dehydration
4460,746,dehydration
4460,962,dehydration
4460,982,dehydration
4460,1109,dehydration
4460,1138,dehydration
4460,1167,dehydration
4460,1598,dehydration
4460,1608,dehydration
4461,505,dehydration
4461,1434,dehydration
4461,1880,dehydration
4462,1285,dehydration
4462,1795,dehydration
4462,1844,dehydration
4463,571,dehydration
4464,1550,dehydration
4464,1594,dehydration
4465,457,dehydration
4465,775,dehydration
4465,985,dehydration
4465,1098,dehydration
4465,1385,dehydration
4465,1448,dehydration
4465,1897,dehydration
4465,2240,dehydration
4467,1370,dehydration
4467,1375,dehydration
4467,2255,dehydration
4468,789,dehydration
4468,836,dehydration
4468,1015,starvation
4468,1175,dehydration
4468,1574,dehydration
4468,2212,dehydration
4469,1281,dehydration
4470,617,starvation
4471,1464,dehydration
4471,2128,dehydration
4472,601,dehydration
4472,637,dehydration
4474,1130,dehydration
4475,711,dehydration
4475,1401,dehydration
4475,2365,dehydration
4477,2314,dehydration
4478,814,dehydration
4478,1444,dehydration
4479,1303,starvation
4479,2244,dehydration
4480,495,dehydration
4480,685,dehydration
4480,890,dehydration
4480,1297,dehydration
4481,485,dehydration
4481,969,dehydration
4481,1115,dehydration
4481,1253,dehydration
4483,520,dehydration
4483,1206,dehydration
4484,563,dehydration
4484,957,dehydration
4485,1767,dehydration
4486,1046,dehydration
4488,1179,dehydration
4491,994,dehydration
4491,2155,dehydration
4493,569,dehydration
4495,540,starvation
4497,492,starvation
4497,1336,dehydration
4499,869,dehydration
4504,928,dehydration
4505,722,dehydration
4509,831,starvation
4510,2166,dehydration
4517,882,starvation
4518,941,starvation
4518,1162,starvation
4518,2321,starvation
4519,1368,dehydration
4522,1566,starvation
4523,964,starvation
4523,1204,dehydration
4524,578,starvation
4524,1047,starvation
4525,1077,starvation
4525,1151,starvation
4525,1283,starvation
4525,1289,starvation
4525,1521,starvation
4526,859,starvation
4526,1021,starvation
4526,1437,dehydration
4526,2226,dehydration
4528,1054,starvation
4528,1432,starvation
4528,1581,starvation
4530,929,starvation
4532,572,dehydration
4532,1394,starvation
4534,1526,starvation
4535,1166,starvation
4536,949,starvation
4537,2323,starvation
4538,864,starvation
4546,507,dehydration
4546,1033,dehydration
4556,1485,starvation
4559,1589,starvation
4559,2190,dehydration
4561,1203,dehydration
4561,1486,dehydration
4562,1533,dehydration
4565,1004,dehydration
4567,938,dehydration
4575,1350,starvation
4576,1137,dehydration
4578,1348,dehydration
4579,1231,dehydration
4579,1374,dehydration
4582,2272,dehydration
4586,749,dehydration
4588,1172,dehydration
4588,1261,dehydration
4588,2117,starvation
4592,2170,dehydration
4600,1577,dehydration
4602,2109,dehydration
4608,1528,dehydration
4610,1847,dehydration
4611,2184,dehydration
4614,670,dehydration
4615,703,dehydration
4617,1307,dehydration
4618,2279,dehydration
4619,2195,dehydration
4619,2379,dehydration
4620,591,dehydration
4620,1405,dehydration
4621,1246,dehydration
4621,2222,dehydration
4621,2340,dehydration
4622,2185,dehydration
4622,2373,dehydration
4623,502,starvation
4624,1053,dehydration
4624,2152,dehydration
4625,2233,dehydration
4626,2363,dehydration
4627,1734,dehydration
4628,1445,dehydration
4629,1059,dehydration
4630,1083,dehydration
4633,1484,starvation
4636,1430,dehydration
4639,1482,dehydration
4641,2120,starvation
4643,1287,dehydration
4645,1136,starvation
4648,1058,starvation
4648,1894,starvation
4649,1517,starvation
4650,2375,starvation
4651,1504,starvation
4651,1514,dehydration
4652,1435,starvation
4652,1480,starvation
4653,743,starvation
4654,1145,starvation
4655,1999,dehydration
4657,2273,starvation
4657,2275,dehydration
4658,719,starvation
4658,1196,starvation
4659,783,starvation
4661,425,dehydration
4662,1294,starvation
4663,1447,starvation
4665,2227,dehydration
4666,541,dehydration
4666,2179,starvation
4667,1095,starvation
4667,1150,starvation
4667,1365,starvation
4667,2295,starvation
4668,885,starvation
4668,1120,dehydration
4668,1708,starvation
4670,842,starvation
4671,1472,starvation
4671,2205,starvation
4672,934,starvation
4674,447,dehydration
4675,503,starvation
4675,2293,starvation
4677,2310,starvation
4679,1269,starvation
4685,764,starvation
4685,889,starvation
4685,1111,starvation
4686,576,starvation
4686,1429,starvation
4692,927,starvation
4692,1399,starvation
4693,840,starvation
4693,904,starvation
4693,967,starvation
4693,2161,starvation
4697,1265,starvation
4699,813,starvation
4700,486,starvation
4702,1418,starvation
4703,1030,starvation
4704,843,starvation
4704,2214,starvation
4705,2096,starvation
4706,1045,starvation
4706,1119,starvation
4707,473,starvation
4708,1320,starvation
4710,1543,starvation
4710,2347,starvation
4711,761,starvation
4713,2067,starvation
4715,2092,starvation
4715,2129,starvation
4719,1311,starvation
4720,816,starvation
4727,694,dehydration
4832,1483,dehydration
5061,472,dehydration
5088,1146,dehydration
5175,1607,starvation
5196,620,starvation
5202,579,starvation
5208,640,starvation
5227,1122,dehydration
5262,2150,starvation
5265,1180,dehydration
5271,480,dehydration
5282,688,dehydration
5289,1239,dehydration
5290,662,dehydration
5298,1358,dehydration
5299,903,dehydration
5302,431,dehydration
5311,598,dehydration
5313,1308,dehydration
5327,419,dehydration
5333,1446,starvation
5333,2374,dehydration
5336,1436,dehydration
5336,1647,dehydration
5340,958,dehydration
5349,1258,dehydration
5356,1107,dehydration
5359,490,dehydration
5365,1085,dehydration
5366,550,dehydration
5368,445,dehydration
5369,2206,dehydration
5372,770,dehydration
5373,416,dehydration
5378,1760,dehydration
5379,960,dehydration
5380,911,dehydration
5381,2055,starvation
5383,1901,dehydration
5388,1215,dehydration
5389,1402,dehydration
5393,1048,dehydration
5394,548,dehydration
5396,555,dehydration
5398,1235,starvation
5400,2297,starvation
5403,1640,dehydration
5404,2187,dehydration
5406,461,dehydration
5406,823,dehydration
5410,1967,dehydration
5411,2221,dehydration
5412,2248,dehydration
5413,1242,dehydration
5413,2054,dehydration
5414,1462,dehydration
5414,1698,dehydration
5417,874,starvation
5423,791,dehydration
5426,1036,dehydration
5427,415,dehydration
5428,2051,dehydration
5429,614,dehydration
5429,1327,dehydration
5429,2355,dehydration
5430,1454,dehydration
5433,2283,dehydration
5436,589,dehydration
5437,1316,starvation
5439,2282,dehydration
5440,624,dehydration
5441,788,dehydration
5441,1280,dehydration
5442,656,dehydration
5443,1042,dehydration
5443,1212,dehydration
5446,907,dehydration
5446,1751,dehydration
5447,1449,dehydration
5447,2223,dehydration
5448,724,dehydration
5448,2072,dehydration
5450,820,dehydration
5450,2235,dehydration
5451,2322,dehydration
5452,866,dehydration
5452,899,dehydration
5452,1296,starvation
5452,1720,dehydration
5455,491,dehydration
5455,1290,dehydration
5457,854,dehydration
5459,2097,dehydration
5461,1102,dehydration
5462,2299,dehydration
5463,2296,dehydration
5464,822,dehydration
5468,1010,dehydration
5469,696,dehydration
5470,776,dehydration
5472,1349,dehydration
5473,862,dehydration
5474,828,dehydration
5475,690,dehydration
5476,500,dehydration
5477,691,dehydration
5478,845,dehydration
5479,1351,dehydration
5480,1987,dehydration
5481,2198,dehydration
5482,2218,dehydration
5484,1299,dehydration
5487,2270,dehydration
5488,2035,dehydration
5494,1470,dehydration
5495,506,dehydration
5497,487,dehydration
5497,2093,dehydration
5498,1490,dehydration
5498,2001,dehydration
5498,2256,dehydration
5499,1000,dehydration
5500,849,dehydration
5501,1210,dehydration
5501,1473,dehydration
5504,1389,dehydration
5507,1391,dehydration
5508,467,dehydration
5510,1266,dehydration
5513,939,dehydration
5514,551,dehydration
5516,1515,dehydration
5517,1876,dehydration
5518,893,starvation
5518,1256,dehydration
5521,543,dehydration
5521,1569,starvation
5522,448,dehydration
5523,1646,starvation
5526,829,dehydration
5529,1666,starvation
5529,1688,starvation
5533,421,dehydration
5533,1314,dehydration
5534,524,dehydration
5534,1532,dehydration
5535,1604,dehydration
5537,1600,dehydration
5538,478,dehydration
5538,1076,dehydration
5538,1419,dehydration
5541,2012,dehydration
5543,1422,dehydration
5545,923,dehydration
5546,1427,dehydration
5547,1997,dehydration
5548,479,dehydration
5551,629,dehydration
5552,676,dehydration
5552,868,dehydration
5553,659,dehydration
5563,2189,dehydration
5564,424,dehydration
5567,1545,starvation
5568,2143,dehydration
5570,428,dehydration
5572,2046,dehydration
5575,413,starvation
5576,971,dehydration
5577,422,dehydration
5577,1774,dehydration
5579,1714,dehydration
5581,593,dehydration
5583,2134,dehydration
5584,745,dehydration
5591,449,starvation
5594,886,dehydration
5598,420,dehydration
5598,2287,dehydration
5601,1381,starvation
5605,1687,dehydration
5630,496,dehydration
5631,1134,starvation
5646,549,starvation
5647,435,starvation
5653,468,starvation
5765,2389,dehydration
5765,2391,dehydration
5766,2406,dehydration
5767,2394,dehydration
5768,2392,dehydration
5768,2425,dehydration
5769,2397,dehydration
5769,2424,dehydration
5769,2428,dehydration
5770,2416,dehydration
5771,2427,dehydration
5772,2407,dehydration
5773,2418,dehydration
5774,2410,dehydration
5776,2401,dehydration
5778,2420,dehydration
5780,2396,dehydration
5781,2422,dehydration
5782,2414,dehydration
5785,2399,dehydration
5785,2426,dehydration
5786,2423,dehydration
5787,2398,dehydration
5796,2402,dehydration
5800,2405,dehydration
5800,2431,dehydration
5802,2411,starvation
5808,2395,dehydration
5808,2429,dehydration
5811,2408,dehydration
5816,2403,dehydration
5820,2412,dehydration
5828,2404,dehydration
5830,2419,dehydration
5831,438,dehydration
5832,2390,dehydration
5834,2421,dehydration
5843,2432,starvation
5848,2413,dehydration
5864,2430,dehydration
5867,2400,starvation
5877,2417,starvation
5881,2388,starvation
5881,2415,starvation
5911,2393,dehydration
5941,2457,dehydration
5942,2473,dehydration
5943,2438,dehydration
5945,2442,dehydration
5945,2455,dehydration
5945,2499,dehydration
5946,2466,dehydration
5946,2513,dehydration
5947,2498,dehydration
5947,2536,dehydration
5948,2460,dehydration
5948,2492,dehydration
5948,2551,dehydration
5949,2489,dehydration
5949,2534,dehydration
5950,2456,dehydration
5950,2490,dehydration
5950,2495,dehydration
5950,2546,dehydration
5950,2565,dehydration
5950,2580,dehydration
5950,2605,dehydration
5951,2467,dehydration
5951,2496,dehydration
5951,2555,dehydration
5951,2576,dehydration
5951,2597,dehydration
5951,2606,dehydration
5952,2452,dehydration
5952,2486,dehydration
5952,2523,dehydration
5952,2579,dehydration
5952,2604,dehydration
5952,2608,dehydration
5952,2617,dehydration
5952,2623,dehydration
5952,2632,dehydration
5953,2458,dehydration
5953,2497,dehydration
5953,2520,dehydration
5953,2542,dehydration
5953,2575,dehydration
5953,2620,dehydration
5953,2641,dehydration
5954,2470,dehydration
5954,2538,dehydration
5954,2557,dehydration
5954,2625,dehydration
5954,2631,dehydration
5954,2638,dehydration
5954,2642,dehydration
5954,2643,dehydration
5954,2662,dehydration
5955,2587,dehydration
5955,2596,dehydration
5955,2603,dehydration
5955,2633,dehydration
5955,2657,dehydration
5955,2664,dehydration
5956,2436,dehydration
5956,2453,dehydration
5956,2472,dehydration
5956,2537,dehydration
5956,2567,dehydration
5956,2569,dehydration
5956,2645,dehydration
5956,2650,dehydration
5956,2655,dehydration
5957,2541,dehydration
5957,2554,dehydration
5957,2564,dehydration
5957,2591,dehydration
5958,2685,dehydration
5958,2689,dehydration
5959,2515,dehydration
5959,2548,dehydration
5959,2585,dehydration
5959,2595,dehydration
5959,2644,dehydration
5959,2670,dehydration
5959,2698,dehydration
5959,2701,dehydration
5960,2454,dehydration
5960,2464,dehydration
5960,2480,dehydration
5960,2532,dehydration
5960,2629,dehydration
5960,2691,dehydration
5960,2726,dehydration
5961,2484,dehydration
5961,2616,dehydration
5961,2674,dehydration
5961,2682,dehydration
5961,2741,dehydration
5962,2474,dehydration
5962,2494,dehydration
5962,2622,dehydration
5962,2677,dehydration
5962,2704,dehydration
5962,2714,dehydration
5962,2730,dehydration
5963,2628,dehydration
5963,2668,dehydration
5963,2731,dehydration
5963,2735,dehydration
5963,2750,dehydration
5963,2779,dehydration
5964,2663,dehydration
5964,2775,dehydration
5965,2501,dehydration
5965,2558,dehydration
5965,2695,dehydration
5965,2709,dehydration
5965,2767,dehydration
5965,2780,dehydration
5965,2789,dehydration
5966,2571,dehydration
5966,2648,dehydration
5966,2755,dehydration
5966,2793,dehydration
5966,2807,dehydration
5966,2809,dehydration
5966,2810,dehydration
5967,2478,dehydration
5967,2574,dehydration
5967,2672,dehydration
5967,2729,dehydration
5967,2791,dehydration
5967,2796,dehydration
5967,2825,dehydration
5968,2485,dehydration
5968,2635,dehydration
5968,2687,dehydration
5968,2736,dehydration
5968,2757,dehydration
5968,2783,dehydration
5968,2803,dehydration
5968,2818,dehydration
5968,2824,dehydration
5969,2566,dehydration
5969,2646,dehydration
5969,2693,dehydration
5969,2740,dehydration
5969,2837,dehydration
5969,2862,dehydration
5970,2610,dehydration
5970,2660,dehydration
5970,2774,dehydration
5970,2799,dehydration
5970,2844,dehydration
5971,2443,dehydration
5971,2540,dehydration
5971,2556,dehydration
5971,2829,dehydration
5971,2851,dehydration
5971,2876,dehydration
5971,2880,dehydration
5972,2439,dehydration
5972,2446,dehydration
5972,2481,dehydration
5972,2487,dehydration
5972,2524,dehydration
5972,2547,dehydration
5972,2568,dehydration
5972,2599,dehydration
5972,2703,dehydration
5972,2738,dehydration
5972,2868,dehydration
5972,2870,dehydration
5972,2875,dehydration
5972,2877,dehydration
5972,2891,dehydration
5973,2745,dehydration
5973,2802,dehydration
5973,2869,dehydration
5973,2872,dehydration
5973,2874,dehydration
5973,2884,dehydration
5973,2906,dehydration
5974,2545,dehydration
5974,2697,dehydration
5974,2720,dehydration
5974,2761,dehydration
5974,2763,dehydration
5974,2823,dehydration
5974,2889,dehydration
5974,2898,dehydration
5974,2903,dehydration
5975,2471,dehydration
5975,2578,starvation
5975,2589,starvation
5975,2753,dehydration
5975,2762,dehydration
5975,2770,dehydration
5975,2857,dehydration
5975,2904,dehydration
5975,2905,dehydration
5975,2911,dehydration
5975,2912,dehydration
5976,2491,dehydration
5976,2594,starvation
5976,2615,starvation
5976,2725,dehydration
5976,2816,dehydration
5976,2863,dehydration
5976,2867,dehydration
5976,2897,dehydration
5976,2899,dehydration
5976,2919,dehydration
5976,2936,dehydration
5977,2469,dehydration
5977,2527,dehydration
5977,2539,starvation
5977,2619,starvation
5977,2748,dehydration
5977,2790,dehydration
5977,2879,dehydration
5977,2926,dehydration
5977,2941,dehydration
5978,2544,starvation
5978,2577,starvation
5978,2733,dehydration
5978,2768,dehydration
5978,2815,dehydration
5978,2901,dehydration
5978,2962,dehydration
5979,2570,starvation
5979,2609,starvation
5979,2688,starvation
5979,2959,dehydration
5980,2535,starvation
5980,2654,dehydration
5980,2715,starvation
5980,2913,dehydration
5981,2476,starvation
5981,2522,starvation
5981,2573,starvation
5981,2667,starvation
5981,2954,dehydration
5982,2553,starvation
5982,2618,starvation
5982,2756,dehydration
5982,2842,dehydration
5982,2887,dehydration
5983,2508,starvation
5983,2563,starvation
5983,2572,dehydration
5983,2581,starvation
5983,2658,starvation
5983,2712,starvation
5983,2722,starvation
5983,2777,dehydration
5983,2909,dehydration
5984,2475,dehydration
5984,2477,starvation
5984,2482,dehydration
5984,2583,starvation
5984,2593,starvation
5984,2652,starvation
5984,2705,starvation
5984,2724,starvation
5984,2742,starvation
5984,2754,starvation
5985,2451,dehydration
5985,2528,starvation
5985,2679,starvation
5985,2752,starvation
5985,2766,starvation
5985,2773,starvation
5986,2519,starvation
5986,2675,starvation
5986,2781,starvation
5986,2784,starvation
5987,2511,starvation
5987,2533,starvation
5987,2717,dehydration
5987,2782,starvation
5988,2483,starvation
5988,2488,dehydration
5988,2627,dehydration
5988,2692,dehydration
5988,2696,starvation
5988,2739,starvation
5988,2787,starvation
5988,2800,starvation
5988,2804,starvation
5988,2805,starvation
5989,2590,starvation
5989,2601,dehydration
5989,2636,starvation
5989,2827,starvation
5989,2937,dehydration
5990,2684,starvation
5990,2765,starvation
5990,2794,starvation
5990,2817,starvation
5991,2592,starvation
5991,2700,starvation
5991,2728,starvation
5991,2797,starvation
5991,2819,starvation
5991,2830,starvation
5991,2854,starvation
5992,2463,starvation
5992,2468,starvation
5992,2514,starvation
5992,2584,starvation
5992,2613,dehydration
5992,2624,starvation
5992,2669,starvation
5992,2710,starvation
5992,2769,starvation
5992,2858,starvation
5992,2871,starvation
5993,2507,starvation
5993,2521,starvation
5993,2560,starvation
5993,2588,starvation
5993,2680,starvation
5993,2694,starvation
5993,2812,starvation
5993,2826,starvation
5993,2839,starvation
5993,2852,starvation
5993,2878,starvation
5993,2930,dehydration
5993,2934,starvation
5994,2656,starvation
5994,2683,starvation
5994,2771,starvation
5994,2772,starvation
5994,2806,starvation
5994,2833,starvation
5994,2853,starvation
5994,2856,starvation
5994,2866,dehydration
5994,2945,starvation
5995,2586,starvation
5995,2690,starvation
5995,2719,starvation
5995,2732,starvation
5995,2888,starvation
5996,2461,starvation
5996,2607,starvation
5996,2681,starvation
5996,2820,starvation
5996,2821,starvation
5996,2836,starvation
5996,2855,starvation
5996,2927,starvation
5996,2944,starvation
5997,2718,starvation
5997,2835,starvation
5997,2838,starvation
5997,2938,starvation
5998,2671,starvation
5998,2896,starvation
5998,2929,starvation
5998,2940,starvation
5998,2943,starvation
5999,2434,dehydration
5999,2640,starvation
5999,2678,starvation
5999,2758,starvation
5999,2798,starvation
5999,2883,starvation
6000,2543,starvation
6000,2760,starvation
6000,2785,starvation
6000,2840,starvation
6000,2841,starvation
6000,2843,starvation
6000,2892,starvation
6000,2895,dehydration
6000,2907,starvation
6000,2920,starvation
6000,2950,starvation
6000,2956,starvation
6001,2602,starvation
6001,2737,starvation
6001,2746,starvation
6001,2786,starvation
6001,2808,starvation
6001,2813,starvation
6001,2814,starvation
6001,2834,starvation
6001,2925,starvation
6002,2444,dehydration
6002,2630,starvation
6002,2716,starvation
6002,2744,starvation
6002,2931,starvation
6002,2935,starvation
6002,2946,dehydration
6002,2957,starvation
6003,2465,starvation
6003,2531,starvation
6003,2598,starvation
6003,2649,starvation
6003,2665,starvation
6003,2850,starvation
6003,2861,starvation
6003,2910,starvation
6003,2947,starvation
6003,2951,starvation
6004,2517,starvation
6004,2559,starvation
6004,2612,dehydration
6004,2653,starvation
6004,2743,starvation
6004,2828,starvation
6004,2848,starvation
6004,2924,starvation
6005,2626,dehydration
6005,2647,dehydration
6005,2801,starvation
6005,2811,starvation
6005,2860,starvation
6005,2865,starvation
6005,2916,starvation
6005,2952,starvation
6005,2960,starvation
6006,2506,starvation
6006,2621,dehydration
6006,2711,starvation
6006,2727,starvation
6006,2751,starvation
6006,2792,starvation
6006,2822,dehydration
6006,2881,starvation
6006,2917,starvation
6006,2932,dehydration
6006,2953,starvation
6007,2512,starvation
6007,2933,starvation
6007,2949,starvation
6007,2963,starvation
6008,2562,dehydration
6008,2849,dehydration
6009,2493,starvation
6009,2504,starvation
6009,2955,starvation
6010,2518,starvation
6010,2530,starvation
12142,1001,dehydration
12143,182,dehydration
12143,758,dehydration
12143,1047,dehydration
12144,20,dehydration
12144,21,dehydration
12144,109,dehydration
12144,147,dehydration
12144,605,dehydration
12144,705,dehydration
12145,47,dehydration
12145,160,dehydration
12145,737,dehydration
12145,834,dehydration
12145,837,dehydration
12146,45,dehydration
12146,63,dehydration
12146,127,dehydration
12146,142,dehydration
12146,162,dehydration
12146,263,dehydration
12146,621,dehydration
12146,665,dehydration
12146,1059,dehydration
12146,1061,dehydration
12147,62,dehydration
12147,206,dehydration
12147,698,dehydration
12147,900,dehydration
12147,1045,dehydration
12148,71,dehydration
12148,75,dehydration
12148,76,dehydration
12148,176,dehydration
12148,257,dehydration
12148,656,dehydration
12148,682,dehydration
12149,59,dehydration
12149,921,dehydration
12149,944,dehydration
12150,64,dehydration
12150,117,dehydration
12151,46,dehydration
12151,61,dehydration
12151,139,dehydration
12151,725,dehydration
12151,831,dehydration
12151,875,dehydration
12151,1048,dehydration
12152,91,dehydration
12152,344,dehydration
12152,524,dehydration
12152,607,dehydration
12152,885,dehydration
12153,183,dehydration
12153,715,dehydration
12153,888,dehydration
12154,155,dehydration
12154,970,dehydration
12155,864,dehydration
12156,582,dehydration
12156,1044,dehydration
12157,34,dehydration
12157,39,dehydration
12157,197,dehydration
12158,79,dehydration
12158,318,dehydration
12158,532,dehydration
12158,866,dehydration
12159,53,dehydration
12159,129,dehydration
12159,938,starvation
12159,1002,starvation
12159,1013,starvation
12159,1067,starvation
12160,37,dehydration
12160,72,dehydration
12160,201,dehydration
12160,210,dehydration
12160,565,starvation
12160,569,starvation
12160,600,starvation
12160,604,starvation
12160,617,starvation
12160,623,starvation
12160,655,starvation
12160,659,starvation
12160,661,starvation
12160,680,starvation
12160,689,starvation
12160,719,starvation
12160,726,starvation
12160,727,starvation
12160,730,starvation
12160,739,starvation
12160,749,starvation
12160,757,dehydration
12160,770,starvation
12160,845,starvation
12160,848,starvation
12160,907,starvation
12160,915,starvation
12160,916,starvation
12160,950,starvation
12160,954,starvation
12160,963,starvation
12160,976,starvation
12160,989,starvation
12160,1010,starvation
12160,1022,starvation
12160,1026,starvation
12160,1031,starvation
12160,1039,starvation
12160,1040,starvation
12161,161,starvation
12161,163,starvation
12161,168,starvation
12161,171,starvation
12161,180,starvation
12161,195,starvation
12161,227,starvation
12161,235,starvation
12161,265,starvation
12161,280,starvation
12161,289,starvation
12161,291,starvation
12161,298,starvation
12161,310,starvation
12161,321,starvation
12161,360,starvation
12161,367,starvation
12161,381,starvation
12161,383,starvation
12161,387,starvation
12161,407,starvation
12161,425,starvation
12161,448,starvation
12161,474,starvation
12161,479,starvation
12161,492,starvation
12161,556,starvation
12161,560,starvation
12161,563,starvation
12161,575,starvation
12161,579,starvation
12161,597,starvation
12161,602,starvation
12161,608,starvation
12161,620,starvation
12161,625,starvation
12161,658,starvation
12161,674,starvation
12161,675,starvation
12161,701,starvation
12161,704,starvation
12161,716,starvation
12161,721,starvation
12161,753,starvation
12161,754,starvation
12161,760,starvation
12161,761,starvation
12161,764,starvation
12161,792,starvation
12161,801,starvation
12161,803,starvation
12161,855,starvation
12161,876,starvation
12161,884,starvation
12161,917,starvation
12161,918,starvation
12161,925,starvation
12161,926,starvation
12161,931,starvation
12161,942,starvation
12161,951,starvation
12161,958,starvation
12161,964,starvation
12161,975,starvation
12161,988,starvation
12161,998,starvation
12161,1003,starvation
12161,1042,starvation
12162,130,starvation
12162,169,starvation
12162,177,starvation
12162,217,starvation
12162,259,starvation
12162,275,starvation
12162,282,starvation
12162,287,starvation
12162,296,starvation
12162,316,starvation
12162,337,starvation
12162,339,starvation
12162,353,starvation
12162,385,starvation
12162,388,starvation
12162,393,starvation
12162,399,starvation
12162,401,starvation
12162,423,starvation
12162,438,starvation
12162,443,starvation
12162,461,starvation
12162,463,starvation
12162,471,starvation
12162,477,starvation
12162,480,starvation
12162,484,starvation
12162,494,starvation
12162,498,starvation
12162,518,starvation
12162,530,starvation
12162,531,starvation
12162,538,starvation
12162,542,starvation
12162,543,starvation
12162,548,starvation
12162,555,starvation
12162,562,starvation
12162,572,starvation
12162,574,starvation
12162,576,starvation
12162,577,starvation
12162,580,starvation
12162,583,starvation
12162,601,starvation
12162,615,starvation
12162,624,starvation
12162,626,starvation
12162,629,starvation
12162,633,starvation
12162,635,starvation
12162,636,starvation
12162,638,starvation
12162,644,starvation
12162,646,starvation
12162,660,starvation
12162,666,starvation
12162,669,starvation
12162,687,starvation
12162,703,starvation
12162,708,starvation
12162,712,starvation
12162,729,starvation
12162,731,starvation
12162,735,starvation
12162,773,starvation
12162,782,starvation
12162,784,starvation
12162,794,starvation
12162,805,starvation
12162,812,starvation
12162,814,starvation
12162,815,starvation
12162,816,starvation
12162,818,starvation
12162,820,starvation
12162,822,starvation
12162,824,starvation
12162,833,starvation
12162,836,starvation
12162,841,starvation
12162,843,starvation
12162,880,starvation
12162,895,starvation
12162,899,starvation
12162,901,starvation
12162,903,starvation
12162,912,starvation
12162,914,starvation
12162,933,starvation
12162,937,starvation
12162,941,starvation
12162,947,starvation
12162,960,starvation
12162,980,starvation
12162,987,starvation
12162,993,dehydration
12162,1014,starvation
12162,1020,starvation
12162,1027,starvation
12162,1029,starvation
12162,1034,starvation
12162,1037,dehydration
12162,1063,starvation
12162,1064,starvation
12162,1069,starvation
12163,4,dehydration
12163,5,dehydration
12163,92,starvation
12163,100,starvation
12163,136,starvation
12163,151,starvation
12163,172,starvation
12163,199,starvation
12163,202,starvation
12163,205,starvation
12163,207,starvation
12163,219,starvation
12163,222,starvation
12163,254,starvation
12163,256,starvation
12163,260,starvation
12163,290,starvation
12163,311,starvation
12163,313,starvation
12163,325,starvation
12163,326,starvation
12163,343,starvation
12163,345,starvation
12163,347,starvation
12163,357,starvation
12163,358,starvation
12163,372,starvation
12163,373,starvation
12163,374,starvation
12163,376,starvation
12163,377,starvation
12163,379,starvation
12163,380,starvation
12163,382,starvation
12163,395,starvation
12163,402,starvation
12163,418,starvation
12163,419,starvation
12163,431,starvation
12163,453,starvation
12163,467,starvation
12163,469,starvation
12163,470,starvation
12163,476,starvation
12163,482,starvation
12163,485,starvation
12163,486,starvation
12163,488,starvation
12163,501,starvation
12163,504,starvation
12163,516,starvation
12163,525,starvation
12163,529,starvation
12163,537,starvation
12163,540,starvation
12163,550,starvation
12163,552,starvation
12163,554,starvation
12163,564,starvation
12163,570,starvation
12163,588,starvation
12163,589,starvation
12163,595,starvation
12163,596,starvation
12163,603,starvation
12163,606,starvation
12163,610,starvation
12163,611,starvation
12163,618,starvation
12163,632,starvation
12163,639,starvation
12163,645,starvation
12163,650,starvation
12163,651,starvation
12163,663,starvation
12163,664,starvation
12163,695,starvation
12163,699,starvation
12163,700,starvation
12163,707,starvation
12163,711,starvation
12163,713,starvation
12163,717,starvation
12163,720,starvation
12163,723,starvation
12163,732,starvation
12163,736,starvation
12163,744,starvation
12163,745,starvation
12163,746,starvation
12163,747,starvation
12163,755,starvation
12163,777,starvation
12163,779,starvation
12163,780,starvation
12163,786,starvation
12163,795,starvation
12163,797,starvation
12163,798,starvation
12163,799,starvation
12163,800,starvation
12163,802,starvation
12163,808,dehydration
12163,810,starvation
12163,811,starvation
12163,821,starvation
12163,827,starvation
12163,873,starvation
12163,878,starvation
12163,886,starvation
12163,889,starvation
12163,908,starvation
12163,920,starvation
12163,923,starvation
12163,934,starvation
12163,936,starvation
12163,940,starvation
12163,948,starvation
12163,966,starvation
12163,972,starvation
12163,979,starvation
12163,986,starvation
12163,1006,starvation
12163,1028,starvation
12163,1043,starvation
12163,1051,starvation
12163,1062,starvation
12163,1066,starvation
12164,88,starvation
12164,89,starvation
12164,150,starvation
12164,158,starvation
12164,159,starvation
12164,166,starvation
12164,167,starvation
12164,174,starvation
12164,196,starvation
12164,208,starvation
12164,224,starvation
12164,226,starvation
12164,245,starvation
12164,249,starvation
12164,251,starvation
12164,253,starvation
12164,255,starvation
12164,267,starvation
12164,278,starvation
12164,279,starvation
12164,281,starvation
12164,285,starvation
12164,301,starvation
12164,302,starvation
12164,304,starvation
12164,314,starvation
12164,322,starvation
12164,327,starvation
12164,331,starvation
12164,334,starvation
12164,348,starvation
12164,355,starvation
12164,356,starvation
12164,362,starvation
12164,366,starvation
12164,369,starvation
12164,370,starvation
12164,375,starvation
12164,384,starvation
12164,386,starvation
12164,397,starvation
12164,398,starvation
12164,403,starvation
12164,412,starvation
12164,413,starvation
12164,416,starvation
12164,424,starvation
12164,427,starvation
12164,428,starvation
12164,434,starvation
12164,437,starvation
12164,445,starvation
12164,449,starvation
12164,459,starvation
12164,468,starvation
12164,472,starvation
12164,473,starvation
12164,478,starvation
12164,495,starvation
12164,499,starvation
12164,500,starvation
12164,508,starvation
12164,511,starvation
12164,526,starvation
12164,527,starvation
12164,528,starvation
12164,534,starvation
12164,535,starvation
12164,541,starvation
12164,544,starvation
12164,547,starvation
12164,549,starvation
12164,551,starvation
12164,557,starvation
12164,558,starvation
12164,561,starvation
12164,571,starvation
12164,573,starvation
12164,578,starvation
12164,581,starvation
12164,594,starvation
12164,598,starvation
12164,609,starvation
12164,612,starvation
12164,616,starvation
12164,619,starvation
12164,648,starvation
12164,678,starvation
12164,688,starvation
12164,693,starvation
12164,706,starvation
12164,733,starvation
12164,738,starvation
12164,741,starvation
12164,743,starvation
12164,752,starvation
12164,759,starvation
12164,763,starvation
12164,766,starvation
12164,775,starvation
12164,804,starvation
12164,806,starvation
12164,829,starvation
12164,850,starvation
12164,852,starvation
12164,857,starvation
12164,862,starvation
12164,865,starvation
12164,909,starvation
12164,932,starvation
12164,939,starvation
12164,955,starvation
12164,967,starvation
12164,968,starvation
12164,969,starvation
12164,985,starvation
12164,991,starvation
12164,997,starvation
12164,1023,starvation
12164,1038,dehydration
12165,84,starvation
12165,111,starvation
12165,173,starvation
12165,185,starvation
12165,187,starvation
12165,189,starvation
12165,193,starvation
12165,214,starvation
12165,215,dehydration
12165,220,starvation
12165,221,starvation
12165,233,starvation
12165,243,starvation
12165,244,starvation
12165,246,starvation
12165,258,starvation
12165,264,starvation
12165,269,starvation
12165,273,starvation
12165,284,starvation
12165,292,starvation
12165,293,starvation
12165,300,starvation
12165,305,starvation
12165,307,starvation
12165,308,starvation
12165,309,starvation
12165,315,starvation
12165,319,starvation
12165,320,starvation
12165,335,starvation
12165,336,starvation
12165,346,starvation
12165,351,starvation
12165,352,starvation
12165,365,starvation
12165,389,starvation
12165,406,starvation
12165,421,starvation
12165,426,starvation
12165,439,starvation
12165,442,starvation
12165,444,starvation
12165,450,starvation
12165,464,starvation
12165,465,starvation
12165,489,starvation
12165,490,starvation
12165,509,starvation
12165,512,starvation
12165,521,starvation
12165,522,starvation
12165,523,starvation
12165,533,starvation
12165,539,starvation
12165,546,starvation
12165,567,starvation
12165,568,starvation
12165,585,starvation
12165,586,starvation
12165,590,dehydration
12165,592,starvation
12165,622,starvation
12165,634,starvation
12165,637,starvation
12165,649,starvation
12165,685,starvation
12165,686,starvation
12165,694,starvation
12165,696,starvation
12165,709,starvation
12165,722,starvation
12165,728,starvation
12165,742,starvation
12165,768,starvation
12165,772,starvation
12165,781,starvation
12165,785,starvation
12165,787,starvation
12165,790,starvation
12165,807,starvation
12165,823,dehydration
12165,825,starvation
12165,849,starvation
12165,859,starvation
12165,877,starvation
12165,887,starvation
12165,893,starvation
12165,897,starvation
12165,898,starvation
12165,904,starvation
12165,910,starvation
12165,911,starvation
12165,913,starvation
12165,928,starvation
12165,949,starvation
12165,953,starvation
12165,956,starvation
12165,965,starvation
12165,977,starvation
12165,994,starvation
12165,1025,starvation
12165,1035,starvation
12165,1068,dehydration
12165,1070,starvation
12166,105,starvation
12166,145,starvation
12166,175,dehydration
12166,191,starvation
12166,192,starvation
12166,204,starvation
12166,223,starvation
12166,229,starvation
12166,230,starvation
12166,236,starvation
12166,237,starvation
12166,239,starvation
12166,271,starvation
12166,272,starvation
12166,303,starvation
12166,323,starvation
12166,361,starvation
12166,364,starvation
12166,378,starvation
12166,391,starvation
12166,392,starvation
12166,394,starvation
12166,396,starvation
12166,404,starvation
12166,415,starvation
12166,429,starvation
12166,430,starvation
12166,433,starvation
12166,441,starvation
12166,451,starvation
12166,460,starvation
12166,462,starvation
12166,466,starvation
12166,481,starvation
12166,483,starvation
12166,502,starvation
12166,503,starvation
12166,510,starvation
12166,517,starvation
12166,559,starvation
12166,599,starvation
12166,613,starvation
12166,628,starvation
12166,640,starvation
12166,643,starvation
12166,652,starvation
12166,672,starvation
12166,673,starvation
12166,690,starvation
12166,734,starvation
12166,740,starvation
12166,750,starvation
12166,756,starvation
12166,762,starvation
12166,769,starvation
12166,771,starvation
12166,789,starvation
12166,809,starvation
12166,813,starvation
12166,847,starvation
12166,854,starvation
12166,1004,starvation
12166,1019,starvation
12166,1030,starvation
12166,1036,starvation
12166,1052,starvation
12167,156,starvation
12167,194,starvation
12167,212,dehydration
12167,213,starvation
12167,242,starvation
12167,248,starvation
12167,294,starvation
12167,295,starvation
12167,312,starvation
12167,328,starvation
12167,329,starvation
12167,340,starvation
12167,368,starvation
12167,371,starvation
12167,405,starvation
12167,408,starvation
12167,410,starvation
12167,417,starvation
12167,432,starvation
12167,452,starvation
12167,457,starvation
12167,458,starvation
12167,497,starvation
12167,507,starvation
12167,515,starvation
12167,553,starvation
12167,584,starvation
12167,642,starvation
12167,668,starvation
12167,714,starvation
12167,776,starvation
12167,788,starvation
12167,791,starvation
12167,796,starvation
12167,838,starvation
12167,842,starvation
12167,870,starvation
12167,891,starvation
12167,927,starvation
12167,959,starvation
12167,961,starvation
12167,981,starvation
12167,1008,starvation
12167,1018,starvation
12167,1056,starvation
12168,33,dehydration
12168,35,dehydration
12168,86,starvation
12168,87,starvation
12168,104,dehydration
12168,157,starvation
12168,188,starvation
12168,216,starvation
12168,225,starvation
12168,240,starvation
12168,241,starvation
12168,268,starvation
12168,276,starvation
12168,277,starvation
12168,354,starvation
12168,359,starvation
12168,390,starvation
12168,400,starvation
12168,411,starvation
12168,435,starvation
12168,436,starvation
12168,440,starvation
12168,446,starvation
12168,454,starvation
12168,491,starvation
12168,496,starvation
12168,520,starvation
12168,545,starvation
12168,593,starvation
12168,654,starvation
12168,679,starvation
12168,684,starvation
12168,692,starvation
12168,765,starvation
12168,767,starvation
12168,839,starvation
12168,902,starvation
12168,924,starvation
12168,943,starvation
12168,962,starvation
12168,982,starvation
12168,1005,starvation
12168,1007,starvation
12168,1017,starvation
12168,1024,starvation
12168,1032,starvation
12168,1058,starvation
12169,121,starvation
12169,154,starvation
12169,186,starvation
12169,200,dehydration
12169,250,starvation
12169,338,starvation
12169,342,starvation
12169,409,starvation
12169,420,starvation
12169,422,starvation
12169,514,dehydration
12169,631,starvation
12169,641,starvation
12169,647,starvation
12169,671,starvation
12169,697,starvation
12169,793,starvation
12169,860,starvation
12169,890,starvation
12169,929,starvation
12169,999,starvation
12169,1021,starvation
12169,1065,starvation
12170,96,starvation
12170,98,starvation
12170,103,starvation
12170,110,starvation
12170,126,starvation
12170,137,starvation
12170,211,starvation
12170,238,starvation
12170,247,starvation
12170,270,starvation
12170,299,dehydration
12170,332,starvation
12170,341,starvation
12170,493,starvation
12170,702,starvation
12170,869,starvation
12170,881,starvation
12170,995,starvation
12171,330,starvation
12171,487,starvation
12171,506,starvation
12171,657,starvation
12171,662,starvation
12171,748,starvation
12171,832,starvation
12171,840,starvation
12171,853,starvation
12171,861,starvation
12171,894,starvation
12171,905,starvation
12171,906,dehydration
12171,952,starvation
12171,978,starvation
12171,983,starvation
12171,990,starvation
12171,1011,starvation
12171,1016,starvation
12172,146,starvation
12172,165,starvation
12172,209,starvation
12172,262,starvation
12172,587,starvation
12172,681,starvation
12172,817,starvation
12172,883,starvation
12173,83,dehydration
12173,134,dehydration
12173,266,starvation
12173,676,starvation
12173,851,starvation
12173,858,starvation
12173,872,starvation
12173,874,starvation
12174,95,starvation
12174,231,starvation
12174,505,starvation
12174,513,starvation
12174,774,starvation
12174,783,starvation
12174,846,starvation
12174,896,starvation
12174,1046,starvation
12175,144,starvation
12175,153,starvation
12175,627,starvation
12175,751,starvation
12175,863,starvation
12176,42,starvation
12176,82,starvation
12176,123,starvation
12176,135,starvation
12176,164,starvation
12176,178,starvation
12176,992,starvation
12176,1053,starvation
12176,1057,starvation
12177,78,starvation
12177,94,dehydration
12177,283,starvation
12177,653,starvation
12177,856,starvation
12177,882,starvation
12178,16,dehydration
12178,31,starvation
12178,43,starvation
12178,52,starvation
12178,181,starvation
12178,306,dehydration
12178,536,starvation
12178,670,starvation
12178,935,starvation
12178,1050,starvation
12178,1055,starvation
12179,40,starvation
12179,56,starvation
12179,80,starvation
12179,830,starvation
12180,26,starvation
12180,141,starvation
12180,149,starvation
12180,286,starvation
12180,630,starvation
12180,718,starvation
12180,828,starvation
12180,868,starvation
12180,919,starvation
12180,922,starvation
12181,65,starvation
12181,66,dehydration
12181,112,starvation
12181,261,starvation
12181,984,starvation
12182,49,starvation
12182,54,starvation
12182,108,starvation
12182,179,starvation
12182,324,starvation
12182,691,starvation
12182,826,dehydration
12182,1012,starvation
12183,36,starvation
12183,724,starvation
12184,51,starvation
12184,288,starvation
12184,1000,dehydration
12184,1041,starvation
12185,57,starvation
12185,60,starvation
12185,102,starvation
12185,218,dehydration
12185,317,dehydration
12185,677,starvation
12186,32,starvation
12186,68,starvation
12186,90,starvation
12186,99,starvation
12186,106,starvation
12186,119,starvation
12186,973,starvation
12186,1009,starvation
12187,38,dehydration
12187,97,starvation
12187,113,starvation
12187,120,starvation
12187,122,starvation
12187,148,starvation
12187,363,starvation
12187,447,starvation
12187,819,starvation
12187,867,starvation
12187,871,starvation
12187,957,starvation
12188,73,dehydration
12188,114,starvation
12188,118,starvation
12188,125,starvation
12188,170,starvation
12189,414,starvation
12189,519,starvation
12189,879,starvation
12189,945,starvation
12189,1015,starvation
12189,1049,starvation
12189,1060,starvation
12190,19,dehydration
12190,50,starvation
12190,67,starvation
12190,128,starvation
12190,232,starvation
12190,252,starvation
12190,475,starvation
12191,74,starvation
12191,138,starvation
12192,131,dehydration
12193,81,starvation
12193,140,starvation
12193,184,starvation
12193,456,starvation
12194,24,starvation
12194,27,starvation
12194,44,starvation
12197,930,starvation
12198,23,starvation
12198,25,starvation
12198,93,starvation
12198,350,starvation
12198,667,dehydration
12199,234,starvation
12199,349,starvation
12199,455,starvation
12200,30,starvation
12200,198,dehydration
12201,77,starvation
12201,124,starvation
12201,228,dehydration
12202,996,starvation
12203,2,starvation
12203,7,starvation
12203,17,starvation
12203,18,starvation
12203,844,starvation
12204,12,starvation
12205,22,starvation
12205,152,starvation
12205,566,starvation
12206,1,starvation
12206,11,starvation
12206,101,dehydration
12207,6,starvation
12207,70,dehydration
12208,297,starvation
12208,778,starvation
12208,892,starvation
12210,14,starvation
12211,10,dehydration
12212,41,dehydration
12212,115,starvation
12213,333,dehydration
12215,143,starvation
12216,190,starvation
12216,591,starvation
12216,614,starvation
12216,1033,starvation
12217,274,starvation
12218,133,starvation
12218,203,starvation
12219,3,starvation
12220,116,starvation
12221,15,dehydration
12221,710,starvation
12221,1054,starvation
12223,29,starvation
12223,132,starvation
12224,48,starvation
12225,58,starvation
12225,85,starvation
12225,971,dehydration
12226,683,starvation
12226,835,dehydration
12227,69,starvation
12228,13,starvation
12228,974,starvation
12230,55,starvation
12234,28,starvation
12239,9,starvation
12248,946,starvation
12257,8,starvation
12257,107,starvation

# macro_deaths_summary
macro counts are aggregated; no per-human ids in macro mode
